City_Id,City,Cloudiness,Country,Date,Humidity,Lat,lng,Max Temp,Wind Speed
3874787,Punta Arenas,0,CL,1612042965,51,-53.15,-70.9167,57.2,26.46
3420846,Qaqortoq,75,GL,1612043226,33,60.7167,-46.0333,41.0,35.68
2075265,Busselton,0,AU,1612043226,80,-33.65,115.3333,62.01,1.01
5848280,Kapaa,20,US,1612043227,78,22.0752,-159.319,75.2,18.41
3408368,Acaraú,75,BR,1612043227,76,-2.8856,-40.12,80.76,15.03
3421765,Nanortalik,100,GL,1612043228,90,60.1432,-45.2371,30.58,8.05
5106841,Albany,13,US,1612043228,51,42.6001,-73.9662,19.99,4.0
5713587,Bend,75,US,1612042368,53,44.0582,-121.3153,44.6,11.5
3372964,Lagoa,69,PT,1612043230,91,39.05,-27.9833,62.02,28.03
964420,Port Elizabeth,40,ZA,1612043230,88,-33.918,25.5701,66.2,6.91
4030556,Rikitea,2,PF,1612043230,76,-23.1203,-134.9692,78.91,12.57
6185377,Yellowknife,75,CA,1612043231,77,62.456,-114.3525,-11.0,4.61
2163355,Hobart,20,AU,1612043231,59,-42.8794,147.3294,63.0,12.66
3428068,San Vicente,17,AR,1612043232,76,-26.6167,-54.1333,76.5,3.49
5975004,High Level,1,CA,1612043232,78,58.5169,-117.136,1.4,2.3
4033557,Tautira,75,PF,1612043232,66,-17.7333,-149.15,86.0,13.8
3831208,Qaanaaq,100,GL,1612043232,73,77.484,-69.3632,-3.87,1.21
3883457,Lebu,4,CL,1612043233,74,-37.6167,-73.65,60.33,12.71
6201424,Mataura,72,NZ,1612043233,52,-46.1927,168.8643,63.1,1.83
5546220,Saint George,1,US,1612043104,57,37.1041,-113.5841,50.0,3.44
5122534,Jamestown,90,US,1612043234,68,42.097,-79.2353,25.0,3.44
367544,Sawākin,27,SD,1612043234,68,19.1059,37.3321,70.9,12.55
3374120,Vila do Maio,0,CV,1612043234,60,15.1333,-23.2167,73.4,13.8
5855927,Hilo,20,US,1612043067,61,19.7297,-155.09,78.8,5.75
933416,Manyana,93,BW,1612043235,60,-23.4,21.7167,75.09,8.28
2264557,Ponta do Sol,47,PT,1612043235,75,32.6667,-17.1,59.0,1.99
553766,Kamenka,100,RU,1612043236,96,51.3223,42.7678,35.01,15.75
2017155,Saskylakh,100,RU,1612043236,81,71.9167,114.0833,-35.84,10.16
3833367,Ushuaia,20,AR,1612042946,54,-54.8,-68.3,53.6,24.16
3448903,São João da Barra,0,BR,1612043049,54,-21.6403,-41.0511,82.4,25.32
1106677,Bambous Virieux,20,MU,1612043237,89,-20.3428,57.7575,78.8,3.44
476982,Varnavino,100,RU,1612043237,97,57.4035,45.0916,21.76,9.64
3414079,Olafsvik,2,IS,1612043238,91,64.8945,-23.7142,22.53,18.68
2126682,Bilibino,1,RU,1612043238,79,68.0546,166.4372,-28.01,5.32
3522526,Nuevo Progreso,17,MX,1612043239,53,23.1667,-97.95,82.0,8.01
2110227,Butaritari,100,KI,1612043239,77,3.0707,172.7902,81.16,16.58
5847411,Kahului,40,US,1612043239,69,20.8947,-156.47,77.0,18.41
3369157,Cape Town,0,ZA,1612042942,73,-33.9258,18.4232,71.01,4.61
2276492,Harper,38,LR,1612043240,86,4.375,-7.7169,78.49,6.71
1337610,Thinadhoo,100,MV,1612043241,79,0.5333,72.9333,81.46,15.26
2206939,Bluff,99,NZ,1612043241,74,-46.6,168.3333,55.04,4.16
2618795,Klaksvík,75,FO,1612043242,80,62.2266,-6.589,33.8,18.41
2015306,Tiksi,100,RU,1612043242,86,71.6872,128.8694,-27.96,5.21
2208248,Kaitangata,76,NZ,1612043242,70,-46.2817,169.8464,62.01,1.99
8079926,Labuhan,99,ID,1612043243,87,-6.8844,112.2051,76.62,7.31
1283285,Jumla,0,NP,1612043243,61,29.2747,82.1838,29.95,3.27
3466704,Castro,100,BR,1612043244,97,-24.7911,-50.0119,66.16,1.41
1805733,Jinchang,0,CN,1612043244,64,38.4953,102.1739,21.38,1.72
1796663,Sanming,23,CN,1612043245,65,26.2486,117.6186,48.67,1.72
1015776,Bredasdorp,5,ZA,1612043245,86,-34.5322,20.0403,66.0,1.01
2074865,Carnarvon,7,AU,1612043245,94,-24.8667,113.6333,80.6,6.91
5866583,Saint Paul Harbor,1,US,1612043246,55,57.79,-152.4072,33.8,14.97
3430863,Mar del Plata,90,AR,1612043246,63,-38.0023,-57.5575,64.0,17.27
3388145,São Raimundo Nonato,89,BR,1612043247,62,-9.0153,-42.6994,79.41,2.19
546105,Nikolskoye,75,RU,1612043247,93,59.7035,30.7861,27.0,6.71
1735106,George Town,20,MY,1612042972,83,5.4112,100.3354,77.0,4.61
2123814,Leningradskiy,0,RU,1612043248,82,69.3833,178.4167,-27.78,3.2
2644210,Liverpool,0,GB,1612043248,80,53.4106,-2.9779,35.6,14.97
6089245,Norman Wells,40,CA,1612043248,68,65.282,-126.8329,-25.6,3.6
2634739,Warrington,0,GB,1612043249,80,53.3925,-2.5802,37.0,14.97
2120612,Tigil',100,RU,1612043249,94,57.8,158.6667,6.35,23.04
3628473,San Cristobal,40,VE,1612043249,100,7.7669,-72.225,35.6,11.5
1262062,Naliya,0,IN,1612043250,67,23.2667,68.8333,59.63,7.76
2108857,Gizo Government Station,100,SB,1612043250,74,-8.103,156.8419,84.74,20.18
1695546,Pandan,100,PH,1612043250,81,14.0453,124.1694,76.23,19.33
776069,Białystok,99,PL,1612042963,91,53.1333,23.15,26.01,7.54
368246,Raja,0,SS,1612043251,22,8.4596,25.678,69.87,5.46
4035715,Avarua,75,CK,1612043251,70,-21.2078,-159.775,84.2,4.61
175499,Nchelenge,96,ZM,1612043252,84,-9.3451,28.734,70.52,2.51
1487214,Verkh-Suetka,93,RU,1612043253,94,53.3,80.05,0.82,10.33
3380450,Roura,75,GF,1612043253,89,4.7263,-52.3274,80.6,5.75
2070998,Geraldton,0,AU,1612043253,32,-28.7667,114.6,80.6,11.5
1006984,East London,5,ZA,1612043254,80,-33.0153,27.9116,70.29,0.85
878141,Madimba,87,TZ,1612043254,85,-10.4,40.3333,79.29,9.13
2112309,Katsuura,20,JP,1612043240,55,35.1333,140.3,35.6,3.44
1265964,Kotma,0,IN,1612043255,50,23.2,81.9667,45.55,1.43
4031574,Provideniya,79,RU,1612043255,83,64.3833,-173.3,-13.0,11.14
1214026,Sabang,30,ID,1612043256,76,5.8933,95.3214,81.07,20.87
4944903,Nantucket,1,US,1612043256,58,41.2835,-70.0995,19.4,9.22
4032243,Vaini,75,TO,1612043256,83,-21.2,-175.2,82.4,9.22
5282297,Bethel,1,US,1612043165,34,41.3712,-73.414,28.4,9.22
2332453,Lagos,0,NG,1612043257,86,6.5833,3.75,80.08,5.7
4414200,West Plains,90,US,1612043194,93,36.7281,-91.8524,45.0,12.66
3893629,Coquimbo,75,CL,1612043022,82,-29.9533,-71.3436,66.2,10.36
4034551,Faanui,73,PF,1612043258,71,-16.4833,-151.75,81.16,7.58
5364271,Laguna,1,US,1612043258,54,38.421,-121.4238,60.01,6.91
6167817,Torbay,90,CA,1612043258,86,47.6666,-52.7314,30.0,10.36
6170031,Tuktoyaktuk,40,CA,1612043259,67,69.4541,-133.0374,-34.6,2.3
3517151,Santander Jiménez,0,MX,1612043259,48,24.2167,-98.4667,83.55,11.63
2646557,Horsham,90,GB,1612043260,87,51.064,-0.3272,39.99,18.41
3894426,Coyhaique,20,CL,1612043260,27,-45.5752,-72.0662,73.4,10.36
2032201,Bulgan,34,MN,1612043260,81,48.8125,103.5347,1.26,4.27
3423146,Ilulissat,90,GL,1612043261,72,69.2167,-51.1,3.2,5.75
2395182,Bembèrèkè,0,BJ,1612043261,20,10.2283,2.6634,74.5,5.01
2377450,Nouakchott,66,MR,1612043051,11,18.0858,-15.9785,75.2,9.22
3985710,Cabo San Lucas,1,MX,1612043005,53,22.8909,-109.9124,77.0,6.91
4845585,Westport,1,US,1612043262,31,41.1415,-73.3579,30.99,10.36
4726521,San Patricio,75,US,1612043262,61,28.017,-97.5169,86.0,18.41
3904906,Santa Cruz de la Sierra,65,BO,1612043263,72,-17.8,-63.1667,79.63,16.49
2240449,Luanda,84,AO,1612043263,84,-8.8368,13.2343,77.86,9.06
5746545,Portland,100,US,1612043063,88,45.5234,-122.6762,50.0,1.01
3421193,Paamiut,97,GL,1612043263,88,61.994,-49.6678,27.45,13.56
3466165,Cidreira,100,BR,1612043264,88,-30.1811,-50.2056,77.23,4.63
3943957,Chilca,0,PE,1612043264,64,-12.5211,-76.7372,75.2,11.5
1507390,Dikson,0,RU,1612043264,81,73.5069,80.5464,-35.68,7.76
1791779,Wanning,67,CN,1612043265,85,18.8003,110.3967,68.43,8.16
2178753,Kirakira,100,SB,1612043266,77,-10.4544,161.9205,82.09,2.08
3361934,Saldanha,0,ZA,1612043266,91,-33.0117,17.9442,64.74,5.77
1819729,Hong Kong,14,HK,1612043266,68,22.2855,114.1577,62.01,15.73
2693759,Ludvika,90,SE,1612043267,86,60.1496,15.1878,15.8,9.22
497242,Semibratovo,90,RU,1612043267,80,57.3046,39.5369,26.6,11.18
5380437,Pacific Grove,1,US,1612043020,62,36.6177,-121.9166,57.0,5.75
3893726,Constitución,51,CL,1612043268,84,-35.3333,-72.4167,64.78,7.7
5880054,Barrow,90,US,1612043032,70,71.2906,-156.7887,-9.4,10.36
3374083,Bathsheba,20,BB,1612043268,65,13.2167,-59.5167,80.6,14.97
2068110,Kununurra,90,AU,1612043108,100,-15.7667,128.7333,78.8,3.44
3932145,Pisco,0,PE,1612043269,65,-13.7,-76.2167,77.0,13.8
501730,Rodniki,100,RU,1612043269,97,57.1051,41.7305,19.94,10.78
315218,Eskil,100,TR,1612043270,93,38.4017,33.4131,37.11,14.94
4499379,Wilmington,1,US,1612043062,36,34.2257,-77.9447,44.6,6.91
1649150,Bengkulu,100,ID,1612043270,89,-3.8004,102.2655,75.11,5.01
1337619,Ugoofaaru,46,MV,1612043271,70,5.6667,73.0,81.05,9.62
1501000,Kyshtovka,100,RU,1612043271,88,56.555,76.6271,-7.49,10.65
2022572,Khatanga,29,RU,1612043269,77,71.9667,102.5,-46.41,1.14
2109701,Auki,100,SB,1612043272,84,-8.7676,160.7034,81.18,11.83
1317402,Kyaikkami,10,MM,1612043273,78,16.08,97.5675,75.92,6.98
4160812,Key West,90,US,1612043175,64,24.5557,-81.7826,73.4,16.11
2171099,Codrington,83,AU,1612043273,68,-38.2667,141.9667,60.48,6.96
2155415,New Norfolk,9,AU,1612043273,69,-42.7826,147.0587,63.0,1.01
2488835,Médéa,40,DZ,1612043274,72,36.2642,2.7539,62.6,17.27
502738,Rassvet,81,RU,1612043274,87,46.8333,40.75,36.91,14.97
4020109,Atuona,19,PF,1612043274,78,-9.8,-139.0333,78.8,17.94
3899695,Ancud,0,CL,1612043275,52,-41.8697,-73.8203,66.2,6.91
1337607,Kudahuvadhoo,86,MV,1612043275,78,2.6708,72.8944,80.89,13.27
2328952,Nguru,0,NG,1612043275,22,12.8791,10.4526,70.66,9.48
3905792,San Borja,85,BO,1612043276,85,-14.8167,-66.85,80.62,4.45
3644768,Cumana,70,VE,1612043276,80,10.4635,-64.1775,78.04,13.76
2127202,Anadyr,95,RU,1612043276,59,64.75,177.4833,-5.8,24.61
3931276,Puno,63,PE,1612043277,44,-15.8333,-70.0333,55.99,6.85
293842,Kiryat Gat,0,IL,1612043277,58,31.61,34.7642,55.99,1.01
3141332,Røros,75,NO,1612043226,85,62.5747,11.3842,12.2,3.44
3366880,Hermanus,3,ZA,1612042989,86,-34.4187,19.2345,66.0,1.01
6165406,Thompson,90,CA,1612043278,85,55.7435,-97.8558,14.0,4.61
2184564,Piopio,0,NZ,1612043278,39,-38.4667,175.0167,73.0,1.99
935215,Saint-Philippe,0,RE,1612043279,69,-21.3585,55.7679,78.8,4.61
1282256,Hithadhoo,69,MV,1612043278,78,-0.6,73.0833,81.77,15.77
211647,Lodja,78,CD,1612043279,96,-3.4833,23.4333,69.44,2.71
2729907,Longyearbyen,20,SJ,1612043280,60,78.2186,15.6401,-2.2,19.57
4360369,Laurel,1,US,1612043154,40,39.0993,-76.8483,37.4,2.15
3443061,Chui,40,UY,1612043281,73,-33.6971,-53.4616,75.58,13.8
1794825,Shizilu,15,CN,1612043281,85,35.1711,118.8289,35.69,3.6
5856516,‘Āhuimanu,40,US,1612043281,57,21.4447,-157.8378,80.6,13.8
3155152,Gravdal,1,NO,1612043282,87,68.1214,13.5031,26.44,6.51
1486321,Yar-Sale,100,RU,1612043282,85,66.8333,70.8333,-20.47,17.29
3650053,Yantzaza,31,EC,1612043282,76,-3.8278,-78.7594,76.55,1.66
3448453,São Miguel do Iguaçu,40,BR,1612043283,78,-25.3481,-54.2378,82.4,8.05
876177,Luau,100,AO,1612043283,96,-10.7073,22.2247,66.2,2.17
2772505,Lienz,100,AT,1612043283,98,46.8289,12.769,33.01,2.66
934322,Mahébourg,20,MU,1612043246,89,-20.4081,57.7,78.8,3.44
2134814,Sola,92,VU,1612043284,79,-13.8833,167.55,81.28,14.2
1489656,Teya,0,RU,1612043284,76,60.3778,92.6267,-37.95,1.1
161901,Kaka,100,TM,1612043284,43,37.3482,59.6143,52.29,8.1
2084442,Vanimo,100,PG,1612043285,81,-2.6741,141.3028,79.16,5.57
3427761,Tigre,90,AR,1612043285,82,-34.426,-58.5796,64.4,13.8
2458624,Diré,0,ML,1612043285,16,12.2833,-10.9667,76.71,2.15
4723422,Rockport,90,US,1612043062,78,28.0206,-97.0544,75.99,11.5
3444823,Xique-Xique,12,BR,1612043286,56,-10.8218,-42.7263,81.9,3.6
2123100,Myaundzha,100,RU,1612043286,79,63.0494,147.1858,-25.47,4.81
3533462,Acapulco de Juárez,75,MX,1612043287,70,16.8634,-99.8901,86.0,9.22
1242110,Kalmunai,86,LK,1612043287,86,7.4167,81.8167,76.19,6.44
2018553,Ol'ga,0,RU,1612043287,82,43.7444,135.2892,-4.16,10.8
157429,Kilindoni,52,TZ,1612043288,82,-7.9139,39.6668,81.37,15.3
2018735,Nyurba,100,RU,1612043289,81,63.2842,118.3319,-38.52,2.21
2109528,Buala,100,SB,1612043289,80,-8.145,159.5921,83.05,14.9
3175096,Laas,90,IT,1612043289,100,46.6166,10.7002,39.99,3.44
1519924,Kushmurun,100,KZ,1612043290,94,52.4503,64.6311,14.41,3.27
1254046,Tura,0,IN,1612043290,49,25.5198,90.2201,49.77,2.44
5882953,Aklavik,75,CA,1612043290,76,68.2191,-135.0107,-18.4,2.3
1244926,Hambantota,96,LK,1612043291,80,6.1241,81.1185,77.27,11.97
3372783,Ponta Delgada,75,PT,1612043291,100,37.7333,-25.6667,62.01,16.11
98182,Baghdad,0,IQ,1612043028,66,33.3406,44.4009,46.4,5.75
1258294,Raxaul,0,IN,1612043292,67,26.9833,84.85,44.71,3.74
3402848,Carnaíba,97,BR,1612043292,70,-8.7,-37.6667,77.05,10.09
3424607,Tasiilaq,90,GL,1612043292,42,65.6145,-37.6368,21.2,24.16
1786546,Anlu,22,CN,1612043293,74,31.1661,112.5831,44.19,2.66
1789647,Xichang,41,CN,1612043293,74,27.8964,102.2634,39.18,1.88
4036284,Alofi,100,NU,1612043294,89,-19.0595,-169.9187,78.8,10.36
2013639,Verkhnevilyuysk,92,RU,1612043294,77,63.4453,120.3167,-47.51,2.8
2138555,Poum,63,NC,1612043295,70,-20.2333,164.0167,79.12,13.87
286621,Salalah,0,OM,1612043292,60,17.0151,54.0924,69.8,5.75
4032420,Neiafu,75,TO,1612043295,83,-18.65,-173.9833,80.6,9.22
6148373,Sioux Lookout,90,CA,1612043295,86,50.1001,-91.917,23.0,5.75
1809116,Hai’an,93,CN,1612043296,99,32.5436,120.45,46.99,4.56
1687186,Sarangani,100,PH,1612043296,74,5.4033,125.4636,81.09,17.94
245669,Adré,0,TD,1612043296,22,13.4667,22.2,67.53,15.73
3374333,Praia,0,CV,1612043297,60,14.9215,-23.5087,73.4,13.8
2258261,Dolisie,97,CG,1612043297,92,-4.1997,12.6739,72.07,1.86
3663684,Lábrea,99,BR,1612043298,88,-7.2586,-64.7981,81.34,1.59
5915327,Cap-aux-Meules,100,CA,1612043298,86,47.3821,-61.8597,24.8,23.02
4513583,Hamilton,100,US,1612043023,58,39.1834,-84.5333,36.0,7.74
2154826,Wonthaggi,100,AU,1612043298,73,-38.6044,145.5913,64.0,6.33
3868633,Vallenar,0,CL,1612043299,28,-28.5708,-70.7581,81.95,9.01
3652764,Puerto Ayora,0,EC,1612043276,62,-0.7393,-90.3518,86.0,13.8
72181,Marzuq,0,YE,1612043300,55,14.4,46.4667,60.1,0.96
5110365,Broome,1,US,1612043300,63,42.2506,-75.833,19.4,11.5
5379524,Orange,20,US,1612043166,48,33.7,-117.7675,62.6,5.75
1714733,Dingle,100,PH,1612043296,90,10.9995,122.6711,71.4,9.75
3911409,Llallagua,53,BO,1612043301,36,-18.4167,-66.6333,56.14,8.52
2522325,Agüimes,20,ES,1612043302,77,27.9054,-15.4461,64.0,20.71
3115824,Muros,99,ES,1612043292,73,42.7762,-9.0603,55.99,5.01
1626703,Soe,100,ID,1612043302,100,-9.8607,124.284,67.96,8.86
2064735,Nhulunbuy,40,AU,1612043303,89,-12.2333,136.7667,80.6,9.22
1024552,Xai-Xai,0,MZ,1612043273,89,-25.0519,33.6442,76.66,5.91
5960971,Gibsons,100,CA,1612043304,93,49.3997,-123.5027,43.0,4.61
1855540,Naze,75,JP,1612043304,58,28.3667,129.4833,55.4,6.91
290030,Doha,0,QA,1612043036,63,25.2867,51.5333,66.2,12.66
2121385,Severo-Kuril'sk,98,RU,1612043295,95,50.6789,156.125,24.76,29.53
923058,Kambove,100,CD,1612043305,93,-10.8764,26.5969,62.26,1.92
2094342,Kavieng,99,PG,1612043295,74,-2.5744,150.7967,82.92,14.07
3935102,Mazamari,97,PE,1612043306,66,-11.3258,-74.5308,77.85,1.25
3471196,Bagé,90,BR,1612043306,100,-31.3314,-54.1069,66.2,17.27
1071296,Antalaha,15,MG,1612043306,87,-14.9003,50.2788,76.33,4.38
964432,Port Alfred,38,ZA,1612043299,91,-33.5906,26.891,64.0,3.24
2239862,Malanje,100,AO,1612043307,95,-9.5402,16.341,64.51,5.03
1735902,Sibu,40,MY,1612043307,100,2.3,111.8167,75.2,2.3
2123979,Kuril'sk,100,RU,1612043308,95,45.2333,147.8833,19.8,18.9
10722858,Forsytheganj,100,BY,1612043308,98,52.6333,29.7333,23.7,4.14
5972291,Havre-St-Pierre,90,CA,1612043308,86,50.2334,-63.5986,21.2,11.5
2022463,Khilok,100,RU,1612043308,89,51.3674,110.4676,-6.05,3.38
5557293,Sitka,90,US,1612043108,52,57.0531,-135.33,41.0,11.5
2738381,Lata,37,PT,1612043307,86,40.1629,-8.3327,55.99,4.0
3347762,Lubango,79,AO,1612043297,79,-14.9172,13.4925,62.37,2.86
5983720,Iqaluit,20,CA,1612043294,77,63.7506,-68.5145,-9.0,14.97
3394023,Natal,40,BR,1612043310,74,-5.795,-35.2094,82.4,12.66
4021858,Guerrero Negro,65,MX,1612043295,51,27.9769,-114.0611,64.06,17.6
540761,Kropotkin,28,RU,1612043311,85,45.4375,40.5756,36.54,9.35
2122090,Pevek,2,RU,1612043303,84,69.7008,170.3133,-33.32,2.39
1862555,Hirado,0,JP,1612043311,93,33.3597,129.5531,39.2,4.61
6825489,Jōetsu,100,JP,1612043049,86,37.1483,138.2364,30.99,15.43
2127060,Arman',31,RU,1612043312,77,59.7,150.1667,-15.68,16.13
1257638,Salāya,0,IN,1612043312,48,22.3167,69.6,64.99,7.52
3579925,St. George's,20,GD,1612043313,65,12.0564,-61.7485,84.2,14.97
1854186,Ōmachi,35,JP,1612043313,86,36.5,137.8667,36.0,4.74
3448455,São Miguel do Araguaia,36,BR,1612043313,76,-13.275,-50.1628,78.37,3.87
2413419,Gunjur,0,GM,1612043314,60,13.2019,-16.7339,73.4,10.36
491029,Solginskiy,100,RU,1612043314,97,61.05,41.3428,17.64,7.27
1490256,Talnakh,0,RU,1612043314,71,69.4865,88.3972,-31.32,6.53
4218882,Rincon,75,US,1612043315,54,32.296,-81.2354,55.4,12.66
1275016,Byādgi,33,IN,1612043315,46,14.6833,75.4833,67.96,7.78
2027044,Batagay,85,RU,1612043316,76,67.6333,134.6333,-48.03,1.19
924732,Nkhata Bay,100,MW,1612043316,78,-11.6066,34.2907,74.88,4.27
195821,Kabarnet,0,KE,1612043316,62,0.4919,35.743,57.2,2.3
3530103,San Miguel de Cozumel,75,MX,1612043186,61,20.5083,-86.9458,79.0,13.8
4636285,Lenoir City,90,US,1612043317,80,35.7973,-84.256,35.01,8.05
2065594,Mount Isa,40,AU,1612043317,35,-20.7333,139.5,87.8,2.3
2094027,Kieta,86,PG,1612043291,76,-6.2167,155.6333,82.6,14.63
2192362,Christchurch,20,NZ,1612043104,67,-43.5333,172.6333,63.0,20.71
2288105,Grand-Lahou,100,CI,1612043318,88,5.1367,-5.0242,79.45,8.46
3372707,Ribeira Grande,75,PT,1612043275,88,38.5167,-28.7,64.4,18.41
777019,Vardø,100,NO,1612043319,96,70.3705,31.1107,25.09,20.47
3670218,San Andrés,40,CO,1612043319,66,12.5847,-81.7006,86.0,20.71
210379,Lusambo,100,CD,1612043319,95,-4.9667,23.45,70.74,0.89
3576994,Cockburn Town,20,TC,1612043320,53,21.4612,-71.1419,75.2,11.5
1185160,Nageshwari,0,BD,1612043320,47,25.9377,89.7148,54.86,2.39
1048364,Chokwé,0,MZ,1612043314,83,-24.5333,32.9833,78.49,5.79
1786855,Yatou,100,CN,1612043321,90,37.15,122.3833,39.15,9.4
2112802,Hasaki,20,JP,1612043084,74,35.7333,140.8333,23.0,3.44
2028028,Aksha,100,RU,1612043322,89,50.2814,113.2867,-9.47,3.91
1503153,Klyuchi,100,RU,1612043322,95,52.2667,79.1667,8.24,7.54
3839307,Rawson,2,AR,1612043296,48,-43.3002,-65.1023,63.07,19.04
1500399,Lokosovo,100,RU,1612043323,86,61.1333,74.8167,-15.61,14.41
2522867,Trebisacce,0,IT,1612043324,67,39.8708,16.5312,57.2,8.05
1278987,Allāpalli,0,IN,1612043324,46,19.4167,80.0667,63.09,2.8
3416888,Grindavik,0,IS,1612043308,74,63.8424,-22.4338,23.0,8.05
189741,Lamu,1,KE,1612043325,83,-2.2717,40.902,77.0,6.91
3870243,Taltal,22,CL,1612043325,60,-25.4,-70.4833,70.92,5.14
2126123,Chokurdakh,38,RU,1612043305,85,70.6333,147.9167,-29.43,7.65
733828,Xilópolis,50,GR,1612043326,81,40.9271,23.1794,45.0,1.79
3933024,Paramonga,72,PE,1612043326,69,-10.6667,-77.8333,74.35,10.04
2448083,Agadez,73,NE,1612043326,32,19.75,10.25,57.02,3.65
3871336,Santiago,75,CL,1612043093,88,-33.4569,-70.6483,73.99,7.31
5924351,Clyde River,1,CA,1612043287,76,70.4692,-68.5914,-18.4,2.3
3454628,Peçanha,0,BR,1612043327,79,-18.5486,-42.5569,67.98,4.18
2017487,Raychikhinsk,50,RU,1612043327,84,49.7838,129.4121,-32.98,2.57
355449,Esna,0,EG,1612043328,58,25.2934,32.554,51.8,4.61
107304,Buraidah,0,SA,1612043328,62,26.326,43.975,53.6,5.75
3109718,Santander,75,ES,1612043329,71,43.4647,-3.8044,53.6,28.77
492860,Sindor,100,RU,1612043329,96,62.8629,51.8905,17.94,10.45
3163146,Andenes,26,NO,1612043329,68,69.3143,16.1194,24.8,9.22
922741,Likasi,100,CD,1612043260,93,-10.9814,26.7333,63.36,2.53
1235846,Matara,97,LK,1612043330,88,5.9485,80.5353,76.28,3.87
6620339,Karratha,95,AU,1612043312,53,-20.7377,116.8463,86.9,5.28
2826287,Stralsund,19,DE,1612043331,81,54.3091,13.0818,23.0,1.01
3359638,Walvis Bay,0,NA,1612043293,82,-22.9575,14.5053,66.99,4.61
966380,Pampierstad,27,ZA,1612043332,62,-27.7832,24.6877,72.95,8.43
2269514,Castelo Branco,77,PT,1612043333,79,39.8222,-7.4909,51.01,8.99
6180550,Whitehorse,75,CA,1612043333,77,60.7161,-135.0538,-7.6,2.3
933726,Tshane,69,BW,1612043333,64,-24.0196,21.8684,75.11,7.76
104515,Makkah al Mukarramah,0,SA,1612043239,42,21.4267,39.8261,67.51,6.2
5071348,Kearney,90,US,1612043334,93,40.6995,-99.0815,32.0,29.93
780687,Berlevåg,100,NO,1612043334,96,70.8578,29.0864,24.93,21.92
1527121,Tyup,49,KG,1612043334,74,42.7276,78.3648,16.36,2.77
87205,Darnah,0,LY,1612043321,75,32.767,22.6367,60.4,9.37
3385899,Tutóia,20,BR,1612043304,74,-2.7619,-42.2744,84.2,14.97
3470709,Barra do Garças,1,BR,1612043296,75,-15.89,-52.2567,79.02,3.38
1278935,Amalāpuram,100,IN,1612043336,94,16.5833,82.0167,68.09,0.78
172515,Abu Samrah,98,SY,1612043336,67,35.3029,37.1841,49.71,13.15
915471,Kalabo,100,ZM,1612043336,90,-14.97,22.6814,69.67,3.31
3355672,Lüderitz,7,NA,1612043290,61,-26.6481,15.1594,67.73,23.47
145531,Saurimo,100,AO,1612043337,93,-9.6608,20.3916,67.05,3.33
933995,Souillac,20,MU,1612043294,89,-20.5167,57.5167,78.8,3.44
3039162,Sant Julià de Loria,84,AD,1612043338,87,42.4625,1.4825,41.0,4.0
5905191,Boissevain,90,CA,1612043338,100,49.2306,-100.0559,21.2,4.61
164947,Salamiyah,100,SY,1612043338,64,35.0113,37.0532,49.73,16.04
5044290,Saint Anthony,90,US,1612043339,64,45.0205,-93.218,33.8,6.91
5954718,Flin Flon,90,CA,1612043339,86,54.7682,-101.865,15.8,1.79
2206874,Waipawa,24,NZ,1612043339,67,-41.4122,175.5153,64.99,6.91
3383427,Nieuw Nickerie,72,SR,1612043340,88,5.95,-56.9833,78.12,11.65
5563839,Fortuna,75,US,1612043313,76,40.5982,-124.1573,55.0,19.57
1696482,Pagudpud,75,PH,1612043340,68,18.5616,120.7868,68.0,3.44
5367788,Lompoc,90,US,1612043322,62,34.6391,-120.4579,57.2,4.61
2270385,Camacha,20,PT,1612043341,94,33.0833,-16.3333,60.8,9.22
1863495,Gushikawa,1,JP,1612043295,81,26.3544,127.8686,53.6,4.61
986717,Kruisfontein,1,ZA,1612043292,85,-34.0033,24.7314,63.0,1.01
1626542,Sorong,100,ID,1612043333,84,-0.8833,131.25,78.21,12.62
3372472,Vila Franca do Campo,75,PT,1612043321,100,37.7167,-25.4333,62.01,16.11
2122493,Omsukchan,100,RU,1612043342,80,62.5333,155.8,-31.14,9.31
1624725,Tarakan,100,ID,1612043314,86,3.3,117.6333,75.97,6.15
2186111,Ngunguru,3,NZ,1612043343,61,-35.6167,174.5,72.0,8.99
53372,Oodweyne,0,SO,1612043343,26,9.4092,45.064,65.32,6.46
1484923,Zykovo,23,RU,1612043344,74,55.9519,93.1461,-36.4,1.41
1275899,Bhiwāni,0,IN,1612043344,45,28.7833,76.1333,48.56,2.8
3013521,Hennebont,90,FR,1612043344,100,47.8051,-3.2734,50.0,8.05
2647984,Great Yarmouth,100,GB,1612043345,70,52.6083,1.7305,39.0,13.8
3421719,Narsaq,75,GL,1612043292,33,60.9167,-46.05,41.0,35.68
2514301,Mahon,40,ES,1612043111,87,39.8885,4.2658,50.0,11.5
2126199,Cherskiy,4,RU,1612043300,82,68.75,161.3,-37.64,1.25
2392087,Porto-Novo,20,BJ,1612043196,84,6.4965,2.6036,84.2,10.36
90150,Tikrit,60,IQ,1612043346,52,34.6071,43.6782,49.96,5.39
2160413,Leeton,0,AU,1612043347,72,-34.5667,146.4,64.4,1.14
6541893,Terracina,89,IT,1612043117,82,41.2863,13.2217,55.99,5.99
1855342,Nishihara,20,JP,1612043347,71,26.1842,127.7558,53.6,3.44
1643837,Gorontalo,98,ID,1612043348,86,0.5412,123.0595,73.36,3.11
157632,Kijini,92,TZ,1612043348,82,-5.85,39.3167,79.48,13.06
2025241,Churapcha,100,RU,1612043348,80,62.0025,132.4325,-39.96,1.59
2136825,Isangel,5,VU,1612043293,72,-19.55,169.2667,81.18,16.75
5495360,Tucumcari,1,US,1612043349,20,35.1717,-103.725,62.6,3.44
1489962,Tavda,100,RU,1612043349,97,58.0425,65.2726,12.43,4.76
797213,Pervomayskoye,66,RU,1612043350,91,43.919,46.7102,36.0,7.0
141736,Bam,3,IR,1612043350,43,29.106,58.357,56.01,3.38
5392593,San Ramon,1,US,1612043350,47,37.7799,-121.978,62.01,3.51
3945985,Camaná,67,PE,1612043323,66,-16.6228,-72.7111,72.77,5.82
1492948,Saryg-Sep,16,RU,1612043351,85,51.5,95.6,-11.07,1.39
3471451,Arraial do Cabo,20,BR,1612043275,73,-22.9661,-42.0278,80.6,18.41
6111862,Port Hardy,75,CA,1612043290,87,50.6996,-127.4199,44.6,14.97
2319133,Warri,0,NG,1612043352,79,5.5167,5.75,80.29,5.26
3393692,Itarema,76,BR,1612043303,77,-2.9248,-39.9167,80.38,13.42
2450173,Taoudenni,0,ML,1612043311,21,22.6783,-3.9836,72.07,9.84
3887127,Iquique,0,CL,1612043249,60,-20.2208,-70.1431,73.4,18.41
2138285,Tadine,38,NC,1612043354,72,-21.55,167.8833,79.05,17.74
103630,Najrān,0,SA,1612043354,26,17.4924,44.1277,66.2,2.93
4031637,Lavrentiya,0,RU,1612043309,84,65.5833,-171.0,-17.54,6.85
110690,Faya,0,SA,1612043330,62,18.3851,42.4509,57.2,4.27
2176639,Batemans Bay,99,AU,1612043355,87,-35.7167,150.1833,64.99,5.01
5919850,Chapais,90,CA,1612043355,71,49.7834,-74.8492,-2.2,8.05
2525362,Carbonia,40,IT,1612043356,82,39.1672,8.5222,59.0,3.44
6355222,Yulara,100,AU,1612043356,36,-25.2406,130.9889,82.4,10.36
2121025,Srednekolymsk,100,RU,1612043308,83,67.45,153.6833,-35.19,3.09
5952330,Ferme-Neuve,70,CA,1612043357,48,46.7001,-75.4493,12.2,5.75
3445459,Várzea da Palma,49,BR,1612043357,66,-17.5981,-44.7308,76.64,2.84
1278869,Ambāgarh Chauki,0,IN,1612043357,36,20.7833,80.7167,53.46,7.23
2303611,Esim,71,GH,1612043358,84,4.8699,-2.2405,79.61,8.34
415189,Aden,0,YE,1612043132,72,12.7794,45.0367,74.37,8.55
2715656,Fagersta,90,SE,1612043358,86,60.0042,15.7932,15.8,9.22
2128975,Nemuro,87,JP,1612043310,91,43.3236,145.575,19.74,16.26
1512019,Aksarka,100,RU,1612043359,87,66.5606,67.7975,-17.82,11.61
1631905,Payakumbuh,98,ID,1612043359,90,-0.2202,100.6308,68.43,1.77
3453420,Planaltina,40,BR,1612043171,42,-15.4528,-47.6142,84.2,11.5
3686196,Clemencia,40,CO,1612043360,62,10.5665,-75.325,86.0,14.97
2399001,Mayumba,100,GA,1612043360,85,-3.432,10.6554,79.2,4.68
669043,Recea,75,RO,1612043361,100,47.6333,23.5167,34.0,13.8
3685702,Cravo Norte,55,CO,1612043361,37,6.3017,-70.2041,91.81,9.89
3698304,Chimbote,83,PE,1612043361,66,-9.0853,-78.5783,74.21,9.42
2177069,Ballina,90,AU,1612043329,94,-28.8667,153.5667,73.4,5.75
964090,Prieska,0,ZA,1612043362,15,-29.6641,22.7474,77.29,10.76
673417,Mihăeşti,87,RO,1612043362,81,45.0333,24.25,36.77,1.39
3592086,Ocós,1,GT,1612043363,51,14.5094,-92.1933,91.4,11.5
5866063,Kenai,1,US,1612043281,78,60.5544,-151.2583,16.0,4.0
895953,Zambezi,100,ZM,1612043363,93,-13.5432,23.1047,67.41,4.59
2184707,Wanaka,41,NZ,1612043364,43,-44.7,169.15,61.81,5.19
1626649,Solok,100,ID,1612043364,87,-0.7918,100.6593,69.98,2.33
570086,Chagoda,100,RU,1612043364,97,59.164,35.3285,22.96,7.99
514706,Osa,98,RU,1612043365,97,57.2829,55.4567,26.91,10.4
1495626,Pangody,100,RU,1612043365,85,65.85,74.4859,-21.24,17.92
3146487,Raudeberg,100,NO,1612043315,100,61.9875,5.1352,33.01,2.3
2633274,Akureyri,90,IS,1612043366,67,65.6835,-18.0878,17.6,4.61
248434,Kitim,7,JO,1612043366,76,32.4383,35.8956,44.6,8.32
6096551,Pangnirtung,0,CA,1612043330,73,66.1451,-65.7125,-9.72,2.46
3652758,Puerto Baquerizo Moreno,40,EC,1612043367,74,-0.9,-89.6,84.2,17.27
3006414,La Seyne-sur-Mer,100,FR,1612043348,78,43.0982,5.8847,53.01,7.0
3437815,Cedrales,40,PY,1612043367,78,-25.65,-54.7,82.4,8.05
2132606,Samarai,100,PG,1612043290,75,-10.6167,150.6667,83.03,18.92
5248511,Chippewa Falls,90,US,1612043102,64,44.9369,-91.3929,34.0,11.5
2427637,Mongo,0,TD,1612043369,21,12.1844,18.693,73.45,7.38
4997130,Ingham,90,US,1612043369,59,42.6,-84.3833,28.99,9.22
1271215,Gīdam,1,IN,1612043370,50,18.9833,81.4,61.99,3.47
2122262,Palana,100,RU,1612043370,92,59.1167,159.9667,-3.41,33.87
2644204,Livingston,90,GB,1612043370,93,55.9029,-3.5226,35.6,5.75
3445026,Vila Velha,0,BR,1612043292,74,-20.3297,-40.2925,80.6,18.41
3404558,Cabedelo,20,BR,1612043371,78,-6.9811,-34.8339,80.6,10.36
1490003,Tatarsk,100,RU,1612043371,94,55.219,75.9828,2.16,9.71
2025456,Chernyshevskiy,100,RU,1612043371,85,63.0128,112.4714,-31.79,4.32
2019884,Mogzon,100,RU,1612043372,86,51.7435,111.9606,-17.95,2.84
4004293,Ixtapa,1,MX,1612043372,69,20.7,-105.2,77.0,12.66
3522208,Pachuquilla,87,MX,1612043211,21,20.0667,-98.7,72.39,6.42
2699310,Kristianstad,89,SE,1612043373,93,56.0313,14.1524,30.2,10.36
3353934,Otavi,100,NA,1612043373,76,-19.65,17.3333,70.75,1.45
6138310,Saint-Germain-de-Grantham,78,CA,1612043373,56,45.8334,-72.5658,12.2,6.91
1720223,Callaguip,75,PH,1612043374,68,18.0714,120.4867,68.0,3.44
86049,Jalu,0,LY,1612043374,41,29.0331,21.5482,61.2,10.51
1275921,Bhinga,0,IN,1612043374,62,27.7167,81.9333,44.91,2.57
909887,Luangwa,100,ZM,1612043375,88,-15.6167,30.4167,73.76,1.12
3673849,Nilo,20,CO,1612043375,32,4.306,-74.6208,69.8,11.5
3382160,Cayenne,75,GF,1612043327,89,4.9333,-52.3333,80.6,5.75
292223,Dubai,0,AE,1612043278,49,25.2582,55.3047,69.8,2.3
3646487,Carora,4,VE,1612043376,41,10.1755,-70.0827,85.93,14.81
158825,Izazi,35,TZ,1612043377,73,-7.2,35.7333,69.35,2.15
4588165,Mt. Pleasant,1,US,1612043377,57,32.7941,-79.8626,48.99,10.18
3392734,Paulo Afonso,97,BR,1612043378,67,-9.4061,-38.2147,79.02,8.16
3356832,Henties Bay,8,NA,1612043378,85,-22.116,14.2845,66.99,3.0
2274895,Monrovia,75,LR,1612043308,83,6.3005,-10.7969,80.6,10.0
3984997,San Quintín,0,MX,1612043379,58,30.4833,-115.95,60.89,9.71
2020824,Lermontovka,0,RU,1612043379,84,47.1453,134.3383,-22.31,3.89
2629833,Husavik,90,IS,1612043379,67,66.0449,-17.3389,17.6,4.61
5742974,North Bend,90,US,1612043138,82,43.4065,-124.2243,51.8,12.46
2514651,Los Llanos de Aridane,0,ES,1612043380,77,28.6585,-17.9182,62.6,11.5
2180815,Tuatapere,95,NZ,1612043300,52,-46.1333,167.6833,61.05,3.09
2063036,Port Lincoln,1,AU,1612043310,74,-34.7333,135.8667,62.49,14.61
2027296,Aykhal,76,RU,1612043358,79,66.0,111.5,-34.64,13.13
3697441,El Alto,75,PE,1612043381,61,-4.2714,-81.2147,84.2,16.11
1142263,Farah,65,AF,1612043382,37,32.5,62.5,49.48,4.65
1001860,Giyani,34,ZA,1612043382,84,-23.3025,30.7187,75.25,5.3
2330100,Minna,0,NG,1612043383,16,9.6139,6.5569,79.84,7.18
5955902,Fort Nelson,75,CA,1612043104,70,58.8053,-122.7002,-11.2,2.3
4992232,Escanaba,20,US,1612043138,74,45.7453,-87.0646,28.4,16.11
5294810,Flagstaff,1,US,1612043103,44,35.1981,-111.6513,41.0,3.02
2012956,Yerbogachën,92,RU,1612043384,81,61.2767,108.0108,-38.11,4.68
2510573,Teguise,75,ES,1612043384,72,29.0605,-13.564,64.4,19.57
88834,Tūkrah,4,LY,1612043384,89,32.5341,20.5791,59.41,10.4
1731248,Alugan,100,PH,1612043385,81,12.2188,125.4808,77.94,17.85
3183284,Alghero,20,IT,1612043385,87,40.5589,8.3181,53.6,6.91
6453316,Tromsø,0,NO,1612043362,79,69.6496,18.957,19.99,5.75
2013952,Ust'-Ilimsk,67,RU,1612043386,77,58.0006,102.6619,-43.82,2.44
100926,Umluj,0,SA,1612043386,54,25.0213,37.2685,65.71,14.63
4047434,Russell,40,US,1612043104,38,32.3502,-85.1999,59.0,9.22
3869716,Tocopilla,9,CL,1612043306,45,-22.092,-70.1979,73.96,9.91
2035707,Mujiayingzi,42,CN,1612043387,89,42.1167,118.7833,12.7,7.07
1692364,Puro,99,PH,1612043387,79,12.4841,123.3827,76.1,16.06
236844,Ouango,99,CF,1612043388,32,4.3133,22.5552,72.34,0.29
713163,Artsyz,66,UA,1612043388,82,45.9919,29.4182,37.4,10.78
3457381,Mauá,0,BR,1612043087,61,-23.6678,-46.4614,82.4,11.5
610864,Khani,0,GE,1612043389,81,41.9563,42.9566,41.0,10.36
3173615,Melfi,20,IT,1612043389,87,40.9965,15.6514,46.0,10.36
1497543,Nizhnevartovsk,40,RU,1612043389,69,60.9344,76.5531,-22.0,15.66
154097,Mgandu,94,TZ,1612043390,89,-5.95,34.1333,60.62,2.59
2715573,Falkenberg,20,SE,1612043347,93,56.9055,12.4912,26.6,4.59
3379507,Bartica,75,GY,1612043390,94,6.4,-58.6167,78.8,9.22
2159220,Mackay,40,AU,1612043391,78,-21.15,149.2,80.6,16.11
5850554,Makakilo City,75,US,1612043304,54,21.3469,-158.0858,80.6,8.05
707489,Ivankiv,75,UA,1612043391,93,50.9386,29.8943,24.8,2.24
4033356,Tiarei,75,PF,1612043392,66,-17.5333,-149.3333,86.0,13.8
559073,Grakhovo,90,RU,1612043392,93,56.0502,51.9676,28.4,11.18
5884083,Alma,99,CA,1612043257,72,48.5501,-71.6491,3.2,11.5
3685223,Dibulla,0,CO,1612043394,59,11.2725,-73.3091,82.81,9.6
2449893,Tessalit,26,ML,1612043394,20,20.1986,1.0114,65.77,13.06
657530,Hollola,99,FI,1612043394,99,61.05,25.4333,21.99,3.0
1337612,Dhidhdhoo,3,MV,1612043395,66,6.8833,73.1,81.16,7.63
4787534,Sterling,40,US,1612043319,32,39.0062,-77.4286,37.4,2.3
3671450,Inírida,93,CO,1612043396,62,3.8653,-67.9239,85.62,1.52
1267390,Kavaratti,29,IN,1612043336,70,10.5669,72.642,80.78,7.85
149070,Utete,23,TZ,1612043396,96,-7.986,38.758,74.08,1.99
2161376,Kingaroy,90,AU,1612043397,94,-26.5333,151.8333,69.8,8.05
1644605,Galesong,40,ID,1612043397,100,-5.3166,119.3661,75.2,1.14
3135728,Straumen,75,NO,1612043397,100,63.8709,11.2999,30.2,3.44
3412093,Vestmannaeyjar,52,IS,1612043398,88,63.4427,-20.2734,33.67,8.57
2021343,Kultuk,100,RU,1612043398,81,51.7208,103.6956,-10.8,1.99
5859699,College,90,US,1612043335,77,64.8569,-147.8028,-5.01,0.98
927967,Lilongwe,100,MW,1612043135,84,-13.9669,33.7873,69.19,4.03
4231997,Avera,75,US,1612043322,43,33.194,-82.5271,50.0,6.91
295277,Eilat,0,IL,1612043197,58,29.5581,34.9482,55.4,2.68
3402648,Carutapera,55,BR,1612043330,80,-1.195,-46.02,79.47,7.52
2381334,Atar,4,MR,1612043343,21,20.5169,-13.0499,68.72,8.41
2537763,Salé,90,MA,1612043400,88,34.0389,-6.8166,59.0,6.91
2135517,Norsup,72,VU,1612043401,67,-16.0667,167.3833,82.35,7.72
3899361,Arica,0,CL,1612043281,64,-18.475,-70.3042,73.4,14.97
2444219,Gouré,6,NE,1612043401,16,13.9835,10.2704,73.0,11.01
2015913,Suntar,100,RU,1612043402,82,62.1444,117.6319,-35.82,1.83
1726449,Basco,76,PH,1612043325,68,20.4487,121.9702,70.03,25.19
2304548,Anloga,20,GH,1612043402,79,5.7947,0.8973,84.2,8.05
1142226,Dawlatabad,100,AF,1612043403,43,36.4141,64.9053,52.75,0.85
2219235,Ubari,0,LY,1612043403,36,26.5921,12.7805,57.61,7.83
1502387,Kosikha,0,RU,1612043404,71,53.3617,84.5822,-5.8,11.18
3983805,Santa Rosalía,65,MX,1612043404,54,27.3167,-112.2833,61.81,11.12
1734971,Pekan,20,MY,1612043404,88,3.4836,103.3996,71.6,3.44
292968,Abu Dhabi,0,AE,1612043310,60,24.4667,54.3667,68.0,2.3
3418910,Upernavik,16,GL,1612043302,85,72.7868,-56.1549,-9.78,6.78
3662574,Rio Branco,40,BR,1612043278,66,-9.9747,-67.81,86.0,6.91
5861897,Fairbanks,90,US,1612043047,77,64.8378,-147.7164,-4.0,0.94
2123278,Mil'kovo,100,RU,1612043406,94,54.7167,158.6167,10.71,11.74
2027316,Ayan,100,RU,1612043406,82,56.45,138.1667,-7.08,6.46
964712,Plettenberg Bay,2,ZA,1612043407,79,-34.0527,23.3716,65.52,4.76
2189343,Kaeo,0,NZ,1612043337,61,-35.1,173.7833,72.0,8.99
2017658,Preobrazheniye,0,RU,1612043408,83,42.9019,133.9064,0.25,8.23
3374210,São Filipe,79,CV,1612043318,64,14.8961,-24.4956,73.71,13.62
1529484,Kumul,0,CN,1612043408,84,42.8,93.45,20.59,2.06
2137773,Vao,95,NC,1612043316,81,-22.6667,167.4833,75.43,25.5
1808857,Hanzhong,99,CN,1612043409,61,33.0728,107.0303,40.98,0.56
1263780,Mangalore,20,IN,1612043409,83,12.8667,74.8833,75.2,4.52
3663517,Manaus,40,BR,1612043318,94,-3.1019,-60.025,78.8,3.44
3439781,Treinta y Tres,77,UY,1612043410,66,-33.2333,-54.3833,76.01,15.61
239899,Bria,51,CF,1612043410,27,6.5423,21.9863,73.33,5.21
1277835,Bahadurgarh,0,IN,1612043164,87,28.6833,76.9167,46.4,3.47
779622,Havøysund,75,NO,1612043324,74,70.9963,24.6622,26.6,17.27
214614,Kamina,100,CD,1612043318,93,-8.7386,24.9906,65.17,2.73
885800,Mount Darwin,100,ZW,1612043412,96,-16.7725,31.5838,69.01,4.12
5233053,Yankton,90,US,1612043412,93,42.8711,-97.3973,30.2,11.5
478996,Uni,99,RU,1612043413,98,57.7535,51.4923,26.08,9.28
2181625,Te Anau,93,NZ,1612043316,72,-45.4167,167.7167,55.42,3.96
262698,Embonas,40,GR,1612043413,76,36.2269,27.8564,60.01,2.3
3573374,The Valley,40,AI,1612043414,73,18.217,-63.0578,80.6,6.91
2033536,Yakeshi,100,CN,1612043414,86,49.2833,120.7333,-21.15,3.6
5554072,Juneau,90,US,1612043353,86,58.3019,-134.4197,33.01,5.75
118994,Rafsanjān,0,IR,1612043415,46,30.4067,55.9939,52.59,22.15
2527087,Tiznit Province,37,MA,1612043295,88,29.5833,-9.5,56.05,5.64
5354943,Half Moon Bay,90,US,1612043271,67,37.4636,-122.4286,60.01,9.22
5350734,Fremont,1,US,1612043188,48,37.5483,-121.9886,61.0,8.05
265711,Adamantas,11,GR,1612043416,71,36.7333,24.4333,55.4,9.22
688961,Vorozhba,100,UA,1612043416,98,51.1733,34.2192,35.94,12.35
2255285,Sibiti,100,CG,1612043417,97,-3.6819,13.3499,68.58,0.76
1270407,Hanumāngarh,0,IN,1612043417,44,29.5833,74.3167,48.72,4.61
428218,Karuzi Province,82,BI,1612043417,91,-3.125,30.1333,59.27,1.86
1813812,Danshui,0,CN,1612043418,71,22.7984,114.4672,61.0,3.49
235751,Chitipa,100,MW,1612043301,95,-9.7024,33.2697,63.19,2.8
736324,Empório,75,GR,1612043419,87,40.4833,21.55,35.6,3.44
2125906,Dukat,100,RU,1612043419,81,62.55,155.55,-36.15,6.46
2030065,Mandalgovi,66,MN,1612043353,95,45.7625,106.2708,11.21,12.39
3698841,Caraz,90,PE,1612043419,61,-9.0486,-77.81,63.36,6.67
686090,Asău,0,RO,1612043273,70,46.4333,26.4,43.0,10.36
202065,Kibuye,59,RW,1612043420,76,-2.0597,29.3482,65.5,3.69
3379316,Lethem,51,GY,1612043420,57,3.3803,-59.7968,85.42,10.89
1695180,Simbahan,97,PH,1612043421,77,6.3032,120.5836,81.64,18.45
2017215,Sangar,65,RU,1612043421,76,63.9242,127.4739,-49.95,3.18
2156643,Mount Gambier,0,AU,1612043169,94,-37.8333,140.7667,53.6,4.7
236950,Obo,40,CF,1612043422,22,5.3998,26.4869,71.19,5.82
3676623,Leticia,40,CO,1612043308,83,-4.2153,-69.9406,87.8,10.36
3407762,Amapá,61,BR,1612043422,98,1.0,-52.0,73.87,2.62
562161,Galich,100,RU,1612043423,96,58.3797,42.3475,21.29,10.33
6094325,Orillia,54,CA,1612043379,63,44.6087,-79.4207,21.2,6.91
4362001,Mayo,1,US,1612043423,38,38.8876,-76.5119,37.4,3.06
5767918,Pierre,90,US,1612043424,80,44.3683,-100.351,26.6,19.57
2171085,Coffs Harbour,68,AU,1612043425,73,-30.3,153.1333,81.0,5.75
3128760,Barcelona,20,ES,1612043426,50,41.3888,2.159,55.99,6.91
3150002,Kjøpsvik,72,NO,1612043426,85,68.097,16.3742,19.0,3.44
240210,Birao,0,CF,1612043335,20,10.2849,22.7882,72.99,8.46
215605,Kabare,64,CD,1612043426,84,-2.4683,28.8242,61.11,1.12
1835848,Seoul,98,KR,1612043234,93,37.5683,126.9778,21.2,3.44
6558482,Zetel,57,DE,1612043427,85,53.4022,7.9645,21.0,1.14
3440777,Rocha,98,UY,1612043246,79,-34.4833,-54.3333,71.24,17.2
238566,Ippy,89,CF,1612043428,23,6.2679,21.2247,76.64,5.82
1651810,Airai,100,TL,1612043292,100,-8.9266,125.4092,61.5,5.66
2037252,Genhe,100,CN,1612043428,84,50.7833,121.5167,-22.68,0.54
3761194,Miraflores,40,MX,1612043429,23,19.2167,-98.8083,77.0,6.91
188492,Machakos,100,KE,1612043429,92,-1.5167,37.2667,57.81,2.98
2014038,Ushumun,11,RU,1612043430,83,52.7833,126.5333,-35.99,0.76
6050066,La Ronge,72,CA,1612043293,73,55.1001,-105.2842,12.2,3.44
1268008,Kanniyākumāri,92,IN,1612043430,80,8.0833,77.5667,77.97,17.94
5540831,Hurricane,1,US,1612043431,57,37.1753,-113.2899,50.0,5.75
3653967,Muisne,75,EC,1612043431,94,0.6,-80.0333,78.8,2.3
2022143,Khuzhir,100,RU,1612043431,80,53.1939,107.3397,-6.65,13.02
